{"main":"fhir-r4-implementationguide-api.raml","name":"FHIR R4 ImplementationGuide API","classifier":"raml","tags":[],"dependencies":[{"groupId":"org.mule.examples","assetId":"fhir-r4-resource-types-library","version":"1.0.0"},{"groupId":"org.mule.examples","assetId":"fhir-r4-implementationguide-library","version":"1.0.0"}],"groupId":"org.mule.examples","assetId":"fhir-r4-implementationguide-api","version":"1.0.0","apiVersion":"v1","originalFormatVersion":"1.0","metadata":{"projectId":"d6074b2a-52e6-4da5-a10d-8fd260603963","branchId":"master","commitId":"b54219ce0f5ad210528c641a40440c4820aed9b0"}}