{"main":"fhir-r4-implementationguide-library.raml","name":"FHIR R4 ImplementationGuide Library","classifier":"raml-fragment","tags":[],"dependencies":[{"groupId":"org.mule.examples","assetId":"fhir-r4-commons-library","version":"1.0.0"}],"groupId":"org.mule.examples","assetId":"fhir-r4-implementationguide-library","version":"1.0.0","originalFormatVersion":"1.0","metadata":{"projectId":"0a40e767-54a2-41e9-b823-7737b247eb9e","branchId":"master","commitId":"26604b738a5c3853c096e648ec9e8b4ec072e268"}}